{
  "learned fusion without corpus": {
    "per_fold": [
      {
        "fold": "HaluEval-QA",
        "coefficients": {
          "semantic_entropy": 0.18395947157438394,
          "cluster_count": 0.15955782986071518
        },
        "bias": 0.9736583394040286,
        "iterations_run": 1500,
        "training": {
          "l2_lambda": 0.1,
          "learning_rate": 0.2,
          "max_iterations": 1500,
          "tolerance": 1e-06,
          "standardized": true
        },
        "scaler": {
          "means": {
            "semantic_entropy": 0.8693925986963315,
            "cluster_count": 2.93625
          },
          "scales": {
            "semantic_entropy": 0.5843607284484792,
            "cluster_count": 1.4316724267443304
          }
        }
      },
      {
        "fold": "HaluEval-dialogue",
        "coefficients": {
          "semantic_entropy": 0.3045245829389628,
          "cluster_count": 0.29946802550526047
        },
        "bias": 0.05661747093180749,
        "iterations_run": 1500,
        "training": {
          "l2_lambda": 0.1,
          "learning_rate": 0.2,
          "max_iterations": 1500,
          "tolerance": 1e-06,
          "standardized": true
        },
        "scaler": {
          "means": {
            "semantic_entropy": 0.7563077969320285,
            "cluster_count": 2.67375
          },
          "scales": {
            "semantic_entropy": 0.6073311903663274,
            "cluster_count": 1.4662233586667481
          }
        }
      },
      {
        "fold": "Natural Questions",
        "coefficients": {
          "semantic_entropy": 0.2996027607524596,
          "cluster_count": 0.2949035884211797
        },
        "bias": 0.46267876784163975,
        "iterations_run": 1500,
        "training": {
          "l2_lambda": 0.1,
          "learning_rate": 0.2,
          "max_iterations": 1500,
          "tolerance": 1e-06,
          "standardized": true
        },
        "scaler": {
          "means": {
            "semantic_entropy": 0.721102131256485,
            "cluster_count": 2.57625
          },
          "scales": {
            "semantic_entropy": 0.5961949581877115,
            "cluster_count": 1.4183391475595672
          }
        }
      },
      {
        "fold": "TriviaQA",
        "coefficients": {
          "semantic_entropy": 0.2757657992029259,
          "cluster_count": 0.27086606351514686
        },
        "bias": 0.47855696894658656,
        "iterations_run": 1500,
        "training": {
          "l2_lambda": 0.1,
          "learning_rate": 0.2,
          "max_iterations": 1500,
          "tolerance": 1e-06,
          "standardized": true
        },
        "scaler": {
          "means": {
            "semantic_entropy": 0.7658345832083105,
            "cluster_count": 2.68875
          },
          "scales": {
            "semantic_entropy": 0.6005313924396768,
            "cluster_count": 1.4471950240033302
          }
        }
      },
      {
        "fold": "TruthfulQA",
        "coefficients": {
          "semantic_entropy": 0.2808502480952785,
          "cluster_count": 0.26353056381758544
        },
        "bias": 0.17902415390918436,
        "iterations_run": 1500,
        "training": {
          "l2_lambda": 0.1,
          "learning_rate": 0.2,
          "max_iterations": 1500,
          "tolerance": 1e-06,
          "standardized": true
        },
        "scaler": {
          "means": {
            "semantic_entropy": 0.7304244077614507,
            "cluster_count": 2.605
          },
          "scales": {
            "semantic_entropy": 0.6004052562754081,
            "cluster_count": 1.4392619636466462
          }
        }
      }
    ],
    "aggregate": {
      "cluster_count": {
        "mean": 0.25766521422397753,
        "std": 0.05092719343991716,
        "min": 0.15955782986071518,
        "max": 0.29946802550526047,
        "fold_count": 5
      },
      "semantic_entropy": {
        "mean": 0.2689405725128021,
        "std": 0.04385567966457784,
        "min": 0.18395947157438394,
        "max": 0.3045245829389628,
        "fold_count": 5
      }
    }
  },
  "learned fusion with corpus": {
    "per_fold": [
      {
        "fold": "HaluEval-QA",
        "coefficients": {
          "semantic_entropy": 0.1861077264242374,
          "cluster_count": 0.16238089693353044,
          "entity_frequency_mean": 0.1761754631656923,
          "entity_frequency_min": -0.01768772324218633,
          "entity_pair_cooccurrence": 0.05032592135019677,
          "low_frequency_entity_flag": -0.02526278654906773,
          "zero_cooccurrence_flag": -0.02857847007727932,
          "coverage_score": 0.06623249868458876,
          "corpus_risk_only": -0.09646243342530406
        },
        "bias": 0.9928251292901725,
        "iterations_run": 1500,
        "training": {
          "l2_lambda": 0.1,
          "learning_rate": 0.2,
          "max_iterations": 1500,
          "tolerance": 1e-06,
          "standardized": true
        },
        "scaler": {
          "means": {
            "semantic_entropy": 0.8693925986963315,
            "cluster_count": 2.93625,
            "entity_frequency_mean": 9953129.03503125,
            "entity_frequency_min": 369766.4575,
            "entity_pair_cooccurrence": 0.10586755952380952,
            "low_frequency_entity_flag": 0.9475,
            "zero_cooccurrence_flag": 0.88875,
            "coverage_score": 0.07382558186849254,
            "corpus_risk_only": 0.91355909625
          },
          "scales": {
            "semantic_entropy": 0.5843607284484792,
            "cluster_count": 1.4316724267443304,
            "entity_frequency_mean": 55142151.07960619,
            "entity_frequency_min": 3995717.263538706,
            "entity_pair_cooccurrence": 0.30558445237017856,
            "low_frequency_entity_flag": 0.22303306929690944,
            "zero_cooccurrence_flag": 0.3144414691162729,
            "coverage_score": 0.17900087755669736,
            "corpus_risk_only": 0.18753484095800568
          }
        }
      },
      {
        "fold": "HaluEval-dialogue",
        "coefficients": {
          "semantic_entropy": 0.3089025495582981,
          "cluster_count": 0.30298656723431544,
          "entity_frequency_mean": 0.0718934380894284,
          "entity_frequency_min": 0.022326661596612774,
          "entity_pair_cooccurrence": 0.08163274189884594,
          "low_frequency_entity_flag": -0.1319260628869647,
          "zero_cooccurrence_flag": -0.05908596671331189,
          "coverage_score": 0.034493212318220355,
          "corpus_risk_only": -0.04063130218929998
        },
        "bias": 0.06372952451016335,
        "iterations_run": 1500,
        "training": {
          "l2_lambda": 0.1,
          "learning_rate": 0.2,
          "max_iterations": 1500,
          "tolerance": 1e-06,
          "standardized": true
        },
        "scaler": {
          "means": {
            "semantic_entropy": 0.7563077969320285,
            "cluster_count": 2.67375,
            "entity_frequency_mean": 5551680.282510417,
            "entity_frequency_min": 369977.245,
            "entity_pair_cooccurrence": 0.14375446428571428,
            "low_frequency_entity_flag": 0.93875,
            "zero_cooccurrence_flag": 0.8475,
            "coverage_score": 0.09970503267954442,
            "corpus_risk_only": 0.8924381287500001
          },
          "scales": {
            "semantic_entropy": 0.6073311903663274,
            "cluster_count": 1.4662233586667481,
            "entity_frequency_mean": 49577964.37142967,
            "entity_frequency_min": 3995700.2887520315,
            "entity_pair_cooccurrence": 0.3475489025586126,
            "low_frequency_entity_flag": 0.23978831810578263,
            "zero_cooccurrence_flag": 0.3595048678390878,
            "coverage_score": 0.19804923312674141,
            "corpus_risk_only": 0.19810771973810656
          }
        }
      },
      {
        "fold": "Natural Questions",