{
  "learned fusion without corpus": {
    "per_fold": [
      {
        "fold": "HaluEval-QA",
        "coefficients": {
          "semantic_entropy": 0.00015338297857518503,
          "cluster_count": -0.0038367290517160404,
          "semantic_energy_boltzmann": 0.23427667322562398,
          "mean_negative_log_probability": -0.12647827734531522,
          "logit_variance": -0.14410407881330772,
          "confidence_margin": 0.17695539415147815
        },
        "bias": -0.0003990817060190653,
        "iterations_run": 1500,
        "training": {
          "l2_lambda": 0.1,
          "learning_rate": 0.2,
          "max_iterations": 1500,
          "tolerance": 1e-06,
          "standardized": true
        },
        "scaler": {
          "means": {
            "semantic_entropy": 1.4300899707271915,
            "cluster_count": 4.447852760736196,
            "semantic_energy_boltzmann": -21.803329581763606,
            "mean_negative_log_probability": 3.3870597285655704,
            "logit_variance": 8.94974937311811,
            "confidence_margin": 2.40736250284605
          },
          "scales": {
            "semantic_entropy": 0.3300273976026598,
            "cluster_count": 0.9317400716630604,
            "semantic_energy_boltzmann": 1.3329701463184132,
            "mean_negative_log_probability": 2.222777329138882,
            "logit_variance": 0.7602957311494375,
            "confidence_margin": 1.1941059618694347
          }
        }
      },
      {
        "fold": "TruthfulQA",
        "coefficients": {
          "semantic_entropy": -0.04824218779193997,
          "cluster_count": -0.04547614782496934,
          "semantic_energy_boltzmann": -0.031540395190685626,
          "mean_negative_log_probability": -0.6541208322954195,
          "logit_variance": 0.35297888648891557,
          "confidence_margin": -0.5975856030852814
        },
        "bias": -0.0056705421418469055,
        "iterations_run": 1500,
        "training": {
          "l2_lambda": 0.1,
          "learning_rate": 0.2,
          "max_iterations": 1500,
          "tolerance": 1e-06,
          "standardized": true
        },
        "scaler": {
          "means": {
            "semantic_entropy": 0.7399253928886949,
            "cluster_count": 2.5896,
            "semantic_energy_boltzmann": -23.32309336072732,
            "mean_negative_log_probability": 3.1815644304419095,
            "logit_variance": 7.974429259075878,
            "confidence_margin": 4.36811998415686
          },
          "scales": {
            "semantic_entropy": 0.5120162462658102,
            "cluster_count": 1.217034034035203,
            "semantic_energy_boltzmann": 1.63762581894485,
            "mean_negative_log_probability": 2.431565679734212,
            "logit_variance": 0.8572795461136993,
            "confidence_margin": 1.6879018358104674
          }
        }
      }
    ],
    "aggregate": {
      "cluster_count": {
        "mean": -0.024656438438342688,
        "std": 0.020819709386626646,
        "min": -0.04547614782496934,
        "max": -0.0038367290517160404,
        "fold_count": 2
      },
      "confidence_margin": {
        "mean": -0.21031510446690163,
        "std": 0.3872704986183798,
        "min": -0.5975856030852814,
        "max": 0.17695539415147815,
        "fold_count": 2
      },
      "logit_variance": {
        "mean": 0.10443740383780392,
        "std": 0.24854148265111164,
        "min": -0.14410407881330772,
        "max": 0.35297888648891557,
        "fold_count": 2
      },
      "mean_negative_log_probability": {
        "mean": -0.3902995548203674,
        "std": 0.26382127747505213,
        "min": -0.6541208322954195,
        "max": -0.12647827734531522,
        "fold_count": 2
      },
      "semantic_energy_boltzmann": {
        "mean": 0.10136813901746917,
        "std": 0.1329085342081548,
        "min": -0.031540395190685626,
        "max": 0.23427667322562398,
        "fold_count": 2
      },
      "semantic_entropy": {
        "mean": -0.024044402406682392,
        "std": 0.02419778538525758,
        "min": -0.04824218779193997,
        "max": 0.00015338297857518503,
        "fold_count": 2
      }
    }
  },
  "learned fusion with corpus": {
    "per_fold": [
      {
        "fold": "HaluEval-QA",
        "coefficients": {
          "semantic_entropy": -0.0030683649118592635,
          "cluster_count": -0.007836726938693136,
          "semantic_energy_boltzmann": 0.21777513206190727,
          "mean_negative_log_probability": -0.11314743913976764,
          "logit_variance": -0.14238388307848052,
          "confidence_margin": 0.18441705766577215,
          "entity_frequency_mean": -0.0099144290769583,
          "entity_frequency_min": 0.057980854161750715,
          "entity_pair_cooccurrence": 0.08727622397802336,
          "low_frequency_entity_flag": -0.03400360531952139,
          "zero_cooccurrence_flag": 0.0,
          "coverage_score": -0.02000613852630104,
          "corpus_risk_only": -0.07740973485867271
        },
        "bias": -0.0004325181251348152,
        "iterations_run": 1500,
        "training": {
          "l2_lambda": 0.1,
          "learning_rate": 0.2,
          "max_iterations": 1500,
          "tolerance": 1e-06,
          "standardized": true
        },
        "scaler": {
          "means": {
            "semantic_entropy": 1.4300899707271915,
            "cluster_count": 4.447852760736196,
            "semantic_energy_boltzmann": -21.803329581763606,
            "mean_negative_log_probability": 3.3870597285655704,
            "logit_variance": 8.94974937311811,
            "confidence_margin": 2.40736250284605,
            "entity_frequency_mean": 41.44719909436167,
            "entity_frequency_min": 12.270552147239265,
            "entity_pair_cooccurrence": 0.5971173168151765,
            "low_frequency_entity_flag": 0.9920245398773007,
            "zero_cooccurrence_flag": 0.0,
            "coverage_score": 0.9389683754601227,
            "corpus_risk_only": 0.5085366957055215
          },
          "scales": {
            "semantic_entropy": 0.3300273976026598,
            "cluster_count": 0.9317400716630604,
            "semantic_energy_boltzmann": 1.3329701463184132,
            "mean_negative_log_probability": 2.222777329138882,
            "logit_variance": 0.7602957311494375,
            "confidence_margin": 1.1941059618694347,
            "entity_frequency_mean": 69.50318959370706,
            "entity_frequency_min": 55.98288348462783,
            "entity_pair_cooccurrence": 0.3338080866062809,
            "low_frequency_entity_flag": 0.08894859278555574,
            "zero_cooccurrence_flag": 1.0,
            "coverage_score": 0.17469462082756654,
            "corpus_risk_only": 0.10296757099882566
          }
        }
      },
      {
        "fold": "TruthfulQA",
        "coefficients": {
          "semantic_entropy": -0.06254314196614434,
          "cluster_count": -0.056528432005033,
          "semantic_energy_boltzmann": -0.038295818084305835,
          "mean_negative_log_probability": -0.4022605498359728,
          "logit_variance": 0.26947667775288214,
          "confidence_margin": -0.5298194752640668,
          "entity_frequency_mean": 0.21339575741857789,
          "entity_frequency_min": -0.2735604878702774,
          "entity_pair_cooccurrence": 0.05392298624522104,
          "low_frequency_entity_flag": 0.23648421363700586,
          "zero_cooccurrence_flag": -0.010694050248986202,
          "coverage_score": 0.653858342898361,
          "corpus_risk_only": 0.4087907865734388
        },
        "bias": -0.0461310837039138,
        "iterations_run": 1500,
        "training": {
          "l2_lambda": 0.1,
          "learning_rate": 0.2,
          "max_iterations": 1500,
          "tolerance": 1e-06,
          "standardized": true
        },
        "scaler": {
          "means": {
            "semantic_entropy": 0.7399253928886949,
            "cluster_count": 2.5896,