{
  "aggregate": {
    "status": "ok",
    "reason": null,
    "without_corpus": {
      "row_count": 11630,
      "positive_count": 5815,
      "negative_count": 5815,
      "auroc": 0.37343029449883886,
      "auprc": 0.4196911599920195,
      "accuracy": 0.5208082545141874,
      "precision": 0.5112078547610226,
      "recall": 0.949097162510748,
      "f1": 0.66449942808982,
      "threshold": 0.4483204373357531,
      "predicted_positive_rate": 0.9282889079965606,
      "confusion": {
        "tp": 5519,
        "fp": 5277,
        "tn": 538,
        "fn": 296
      },
      "score_summary": {
        "mean": 0.575136763346675,
        "min": 0.06269769593416712,
        "max": 0.9219069259170941,
        "std": 0.09528576250868012
      },
      "brier_score": 0.27898501611999055,
      "type_specific": {
        "high_diversity_vs_normal": {
          "row_count": 10552,
          "positive_count": 4737,
          "negative_count": 5815,
          "auroc": 0.3858007732980029,
          "auprc": 0.38338482834604065,
          "reason": null
        },
        "low_diversity_vs_normal": {
          "row_count": 6893,
          "positive_count": 1078,
          "negative_count": 5815,
          "auroc": 0.319071335248709,
          "auprc": 0.10740410501622248,
          "reason": null
        }
      },
      "per_label": {
        "HIGH_DIVERSITY": {
          "row_count": 4737,
          "score_mean": 0.564406181295152,
          "score_min": 0.06269769593416712,
          "score_max": 0.899727169722756,
          "predicted_positive_rate": 0.9446907325311379
        },
        "LOW_DIVERSITY": {
          "row_count": 1078,
          "score_mean": 0.5453670496141143,
          "score_min": 0.3653972738443256,
          "score_max": 0.8157827881499286,
          "predicted_positive_rate": 0.9684601113172542
        },
        "NORMAL": {
          "row_count": 5815,
          "score_mean": 0.5893968697235907,
          "score_min": 0.08943678154467397,
          "score_max": 0.9219069259170941,
          "predicted_positive_rate": 0.9074806534823732
        }
      }
    },
    "with_corpus": {
      "row_count": 11630,
      "positive_count": 5815,
      "negative_count": 5815,
      "auroc": 0.34353725392198103,
      "auprc": 0.4064839419598251,
      "accuracy": 0.4911435941530525,
      "precision": 0.4950246353009371,
      "recall": 0.8811693895098882,
      "f1": 0.6339230483731289,
      "threshold": 0.4614343235348806,
      "predicted_positive_rate": 0.8900257953568358,
      "confusion": {
        "tp": 5124,
        "fp": 5227,
        "tn": 588,
        "fn": 691
      },
      "score_summary": {
        "mean": 0.5871115456976389,
        "min": 0.026203123780263286,
        "max": 0.9586778003522362,
        "std": 0.1124998386875341
      },
      "brier_score": 0.2950091128132579,
      "type_specific": {
        "high_diversity_vs_normal": {
          "row_count": 10552,
          "positive_count": 4737,
          "negative_count": 5815,
          "auroc": 0.3519863296044331,
          "auprc": 0.36785251783957695,
          "reason": null
        },
        "low_diversity_vs_normal": {
          "row_count": 6893,
          "positive_count": 1078,
          "negative_count": 5815,
          "auroc": 0.3064099148609651,
          "auprc": 0.10568124518575735,
          "reason": null
        }
      },
      "per_label": {
        "HIGH_DIVERSITY": {
          "row_count": 4737,
          "score_mean": 0.5646171989487931,
          "score_min": 0.026203123780263286,
          "score_max": 0.9586778003522362,
          "predicted_positive_rate": 0.8756597002322145
        },
        "LOW_DIVERSITY": {
          "row_count": 1078,
          "score_mean": 0.5523715481450163,
          "score_min": 0.3490561079889799,
          "score_max": 0.923966418114226,
          "predicted_positive_rate": 0.9053803339517625
        },
        "NORMAL": {
          "row_count": 5815,
          "score_mean": 0.6118760234123438,
          "score_min": 0.03208660828961552,
          "score_max": 0.9502022224971601,
          "predicted_positive_rate": 0.8988822012037834
        }
      }
    },
    "delta": {
      "auroc": -0.02989304057685782,
      "auprc": -0.013207218032194379,
      "accuracy": -0.029664660361134965,
      "precision": -0.016183219460085496,
      "recall": -0.06792777300085984,
      "f1": -0.030576379716691138
    }
  },
  "per_dataset": {
    "HaluEval-QA": {
      "status": "ok",
      "reason": null,
      "without_corpus": {
        "row_count": 10000,
        "positive_count": 5000,
        "negative_count": 5000,
        "auroc": 0.3410982,
        "auprc": 0.3851957924403521,
        "accuracy": 0.5211,
        "precision": 0.511015975775295,
        "recall": 0.9788,
        "f1": 0.6714687521437883,
        "threshold": 0.4160542498305738,
        "predicted_positive_rate": 0.9577,
        "confusion": {
          "tp": 4894,
          "fp": 4683,
          "tn": 317,
          "fn": 106
        },
        "score_summary": {
          "mean": 0.5554999835474568,
          "min": 0.22252724450205708,
          "max": 0.7779923652009548,
          "std": 0.07282552971105191
        },
        "brier_score": 0.2739513746515897,
        "type_specific": {
          "high_diversity_vs_normal": {
            "row_count": 8934,
            "positive_count": 3934,
            "negative_count": 5000,
            "auroc": 0.33880137264870364,
            "auprc": 0.33240007569432667,
            "reason": null
          },
          "low_diversity_vs_normal": {
            "row_count": 6066,
            "positive_count": 1066,
            "negative_count": 5000,
            "auroc": 0.34957448405253283,
            "auprc": 0.12565699543160996,
            "reason": null
          }
        },
        "per_label": {
          "HIGH_DIVERSITY": {
            "row_count": 3934,
            "score_mean": 0.5388814277788628,
            "score_min": 0.22252724450205708,
            "score_max": 0.7554283744192198,
            "predicted_positive_rate": 0.9761057447890188
          },
          "LOW_DIVERSITY": {
            "row_count": 1066,
            "score_mean": 0.5438110106515999,
            "score_min": 0.3653972738443256,
            "score_max": 0.7023886885351671,
            "predicted_positive_rate": 0.9887429643527205
          },
          "NORMAL": {
            "row_count": 5000,
            "score_mean": 0.5710675522475832,
            "score_min": 0.26374071691356804,
            "score_max": 0.7779923652009548,
            "predicted_positive_rate": 0.9366
          }
        }
      },
      "with_corpus": {
        "row_count": 10000,
        "positive_count": 5000,
        "negative_count": 5000,
        "auroc": 0.305122,
        "auprc": 0.3732724719611279,
        "accuracy": 0.5056,
        "precision": 0.5029124193883919,
        "recall": 0.967,
        "f1": 0.6616942657725469,
        "threshold": 0.4150729121386614,
        "predicted_positive_rate": 0.9614,
        "confusion": {
          "tp": 4835,
          "fp": 4779,
          "tn": 221,
          "fn": 165
        },
        "score_summary": {
          "mean": 0.5690118453907926,
          "min": 0.20064855933341175,
          "max": 0.8074152350071938,
          "std": 0.08670319438999219
        },
        "brier_score": 0.2893094968293365,
        "type_specific": {
          "high_diversity_vs_normal": {
            "row_count": 8934,
            "positive_count": 3934,
            "negative_count": 5000,
            "auroc": 0.30032770716827656,
            "auprc": 0.3204926107053488,
            "reason": null
          },
          "low_diversity_vs_normal": {
            "row_count": 6066,
            "positive_count": 1066,
            "negative_count": 5000,
            "auroc": 0.32281500938086305,
            "auprc": 0.12128701919715937,
            "reason": null
          }
        },